Sentimen,Jumlah,Persentase
Positif,7484,96.46816189739623
Negatif,274,3.531838102603764
